{
    "frames": [
        {
            "filename": "koala_idle@2x",
            "frame": {
                "x": 0,
                "y": 0,
                "w": 144,
                "h": 204
            },
            "anchor": {
                "x": 0.5,
                "y": 0.5
            }
        },
        {
            "filename": "koala_jump@2x",
            "frame": {
                "x": 144,
                "y": 0,
                "w": 144,
                "h": 204
            },
            "anchor": {
                "x": 0.5,
                "y": 0.5
            }
        },
        {
            "filename": "koala_walk01@2x",
            "frame": {
                "x": 288,
                "y": 0,
                "w": 144,
                "h": 204
            },
            "anchor": {
                "x": 0.5,
                "y": 0.5
            }
        },
        {
            "filename": "koala_walk02@2x",
            "frame": {
                "x": 432,
                "y": 0,
                "w": 144,
                "h": 204
            },
            "anchor": {
                "x": 0.5,
                "y": 0.5
            }
        },
        {
            "filename": "koala_walk03@2x",
            "frame": {
                "x": 576,
                "y": 0,
                "w": 144,
                "h": 204
            },
            "anchor": {
                "x": 0.5,
                "y": 0.5
            }
        }
    ],
    "meta": {
        "description": "Atlas generado con Atlas Packer Phaser3",
        "web": "https://gammafp.github.io/atlas-packer-phaser/"
    }
}