{
    "frames": [
        {
            "filename": "koala_idle",
            "frame": {
                "x": 0,
                "y": 0,
                "w": 72,
                "h": 102
            },
            "anchor": {
                "x": 0.5,
                "y": 0.5
            }
        },
        {
            "filename": "koala_jump",
            "frame": {
                "x": 72,
                "y": 0,
                "w": 72,
                "h": 102
            },
            "anchor": {
                "x": 0.5,
                "y": 0.5
            }
        },
        {
            "filename": "koala_walk01",
            "frame": {
                "x": 144,
                "y": 0,
                "w": 72,
                "h": 102
            },
            "anchor": {
                "x": 0.5,
                "y": 0.5
            }
        },
        {
            "filename": "koala_walk02",
            "frame": {
                "x": 216,
                "y": 0,
                "w": 72,
                "h": 102
            },
            "anchor": {
                "x": 0.5,
                "y": 0.5
            }
        },
        {
            "filename": "koala_walk03",
            "frame": {
                "x": 288,
                "y": 0,
                "w": 72,
                "h": 102
            },
            "anchor": {
                "x": 0.5,
                "y": 0.5
            }
        }
    ],
    "meta": {
        "description": "Atlas generado con Atlas Packer Phaser3",
        "web": "https://gammafp.github.io/atlas-packer-phaser/"
    }
}